email,first_name,last_name,full_name,company,address,city,state,country,zip_code
liam.smith1@example.com,Liam,Smith,Liam Smith,Acme Corp,101 Market Street,New York,NY,USA,10001
olivia.brown2@acme.co,Olivia,Brown,Olivia Brown,Northwind Labs,102 Market Street,Los Angeles,CA,USA,90001
noah.garcia3@northwind.io,Noah,Garcia,Noah Garcia,Contoso Systems,103 Market Street,Chicago,IL,USA,60601
emma.davis4@contoso.net,Emma,Davis,Emma Davis,Globex,104 Market Street,Houston,TX,USA,77001
elijah.wilson5@globex.org,Elijah,Wilson,Elijah Wilson,BluePeak,105 Market Street,Toronto,ON,Canada,M5H1A1
ava.taylor6@example.com,Ava,Taylor,Ava Taylor,Vertex Dynamics,106 Market Street,Vancouver,BC,Canada,V5K0A1
james.moore7@acme.co,James,Moore,James Moore,Nimbus Works,107 Market Street,London,England,United Kingdom,EC1A1BB
sophia.martin8@northwind.io,Sophia,Martin,Sophia Martin,Sunline Group,108 Market Street,Sydney,NSW,Australia,2000
benjamin.perez9@contoso.net,Benjamin,Perez,Benjamin Perez,Acme Corp,109 Market Street,New York,NY,USA,10001
isabella.white10@globex.org,Isabella,White,Isabella White,Northwind Labs,110 Market Street,Los Angeles,CA,USA,90001
lucas.smith11@example.com,Lucas,Smith,Lucas Smith,Contoso Systems,111 Market Street,Chicago,IL,USA,60601
mia.brown12@acme.co,Mia,Brown,Mia Brown,Globex,112 Market Street,Houston,TX,USA,77001
henry.garcia13@northwind.io,Henry,Garcia,Henry Garcia,BluePeak,113 Market Street,Toronto,ON,Canada,M5H1A1
charlotte.davis14@contoso.net,Charlotte,Davis,Charlotte Davis,Vertex Dynamics,114 Market Street,Vancouver,BC,Canada,V5K0A1
alexander.wilson15@globex.org,Alexander,Wilson,Alexander Wilson,Nimbus Works,115 Market Street,London,England,United Kingdom,EC1A1BB
amelia.taylor16@example.com,Amelia,Taylor,Amelia Taylor,Sunline Group,116 Market Street,Sydney,NSW,Australia,2000
mason.moore17@acme.co,Mason,Moore,Mason Moore,Acme Corp,117 Market Street,New York,NY,USA,10001
harper.martin18@northwind.io,Harper,Martin,Harper Martin,Northwind Labs,118 Market Street,Los Angeles,CA,USA,90001
michael.perez19@contoso.net,Michael,Perez,Michael Perez,Contoso Systems,119 Market Street,Chicago,IL,USA,60601
evelyn.white20@globex.org,Evelyn,White,Evelyn White,Globex,120 Market Street,Houston,TX,USA,77001
liam.smith21@example.com,Liam,Smith,Liam Smith,BluePeak,121 Market Street,Toronto,ON,Canada,M5H1A1
olivia.brown22@acme.co,Olivia,Brown,Olivia Brown,Vertex Dynamics,122 Market Street,Vancouver,BC,Canada,V5K0A1
noah.garcia23@northwind.io,Noah,Garcia,Noah Garcia,Nimbus Works,123 Market Street,London,England,United Kingdom,EC1A1BB
emma.davis24@contoso.net,Emma,Davis,Emma Davis,Sunline Group,124 Market Street,Sydney,NSW,Australia,2000
elijah.wilson25@globex.org,Elijah,Wilson,Elijah Wilson,Acme Corp,125 Market Street,New York,NY,USA,10001
ava.taylor26@example.com,Ava,Taylor,Ava Taylor,Northwind Labs,126 Market Street,Los Angeles,CA,USA,90001
james.moore27@acme.co,James,Moore,James Moore,Contoso Systems,127 Market Street,Chicago,IL,USA,60601
sophia.martin28@northwind.io,Sophia,Martin,Sophia Martin,Globex,128 Market Street,Houston,TX,USA,77001
benjamin.perez29@contoso.net,Benjamin,Perez,Benjamin Perez,BluePeak,129 Market Street,Toronto,ON,Canada,M5H1A1
isabella.white30@globex.org,Isabella,White,Isabella White,Vertex Dynamics,130 Market Street,Vancouver,BC,Canada,V5K0A1
lucas.smith31@example.com,Lucas,Smith,Lucas Smith,Nimbus Works,131 Market Street,London,England,United Kingdom,EC1A1BB
mia.brown32@acme.co,Mia,Brown,Mia Brown,Sunline Group,132 Market Street,Sydney,NSW,Australia,2000
henry.garcia33@northwind.io,Henry,Garcia,Henry Garcia,Acme Corp,133 Market Street,New York,NY,USA,10001
charlotte.davis34@contoso.net,Charlotte,Davis,Charlotte Davis,Northwind Labs,134 Market Street,Los Angeles,CA,USA,90001
alexander.wilson35@globex.org,Alexander,Wilson,Alexander Wilson,Contoso Systems,135 Market Street,Chicago,IL,USA,60601
amelia.taylor36@example.com,Amelia,Taylor,Amelia Taylor,Globex,136 Market Street,Houston,TX,USA,77001
mason.moore37@acme.co,Mason,Moore,Mason Moore,BluePeak,137 Market Street,Toronto,ON,Canada,M5H1A1
harper.martin38@northwind.io,Harper,Martin,Harper Martin,Vertex Dynamics,138 Market Street,Vancouver,BC,Canada,V5K0A1
michael.perez39@contoso.net,Michael,Perez,Michael Perez,Nimbus Works,139 Market Street,London,England,United Kingdom,EC1A1BB
evelyn.white40@globex.org,Evelyn,White,Evelyn White,Sunline Group,140 Market Street,Sydney,NSW,Australia,2000
